period,coal_usd_mt,natgas_eur_usd_mmbtu,beef_usd_kg,chicken_usd_kg,aluminum_usd_mt,ironore_usd_mt,copper_usd_mt
1990M01,38.0,2.82,2.7847,1.054469746,1528.25,32.5,2366.64
1990M02,38.0,2.82,2.4573,1.07144532,1454.28,32.5,2360.16
1990M03,38.0,2.82,2.4839,1.109805708,1567.39,32.5,2625.61
1990M04,38.0,2.82,2.472,1.081807034,1525.55,32.5,2686.15
1990M05,40.5,2.82,2.48,1.080925186,1526.93,32.5,2741.95
1990M06,40.5,2.82,2.504,1.108262474,1565.79,32.5,2584.56
1990M07,40.5,2.82,2.5589,1.10341231,1570.96,32.5,2769.49
1990M08,40.5,2.82,2.6541,1.096137064,1782.02,32.5,2957.03
1990M09,40.5,2.82,2.6969,1.093050596,2066.53,32.5,3031.37
1990M10,40.5,2.82,2.5851,1.072988554,1945.7,32.5,2743.56
1990M11,40.5,2.82,2.5342,1.065713308,1617.5,32.5,2585.89
1990M12,40.5,2.82,2.5477,1.0471945,1522.44,32.5,2485.38
1991M01,40.5,3.44,2.5931,1.051383278,1515.18,34.76,2448.52
1991M02,40.5,3.41,2.7269,1.075413636,1504.6,34.76,2449.38
1991M03,39.5,3.33,2.5918,1.069681624,1496.0,34.76,2409.63
1991M04,39.5,3.47,2.6112,1.05601298,1391.86,34.76,2472.04
1991M05,39.5,3.37,2.6259,1.06483146,1296.05,34.76,2305.88
1991M06,39.5,3.29,2.7029,1.0471945,1275.15,34.76,2219.28
1991M07,39.5,3.0,2.6874,1.07144532,1296.78,34.76,2236.28
1991M08,39.5,2.98,2.6411,1.0471945,1256.45,34.76,2233.19
1991M09,39.5,2.97,2.7448,1.0471945,1211.81,34.76,2324.57
1991M10,39.5,2.71,2.7198,1.061744992,1150.03,34.76,2363.64
1991M11,39.5,2.7,2.7073,1.039257868,1134.8,34.76,2379.84
1991M12,39.5,2.7,2.6081,1.04168295,1097.55,34.76,2223.14
1992M01,39.5,2.57,2.5715,1.05380836,1177.07,33.1,2139.23
1992M02,39.5,2.5,2.5241,1.025589224,1266.83,33.1,2205.97
1992M03,39.5,2.58,2.4493,1.039257868,1280.47,33.1,2227.33
1992M04,39.5,2.47,2.3847,1.036832786,1317.05,33.1,2215.33
1992M05,39.5,2.49,2.3766,1.037714634,1306.79,33.1,2216.52
1992M06,39.5,2.5,2.3347,1.048076348,1275.55,33.1,2299.2
1992M07,39.5,2.55,2.3457,1.06483146,1313.05,33.1,2520.32
1992M08,39.5,2.56,2.4454,1.07695687,1305.05,33.1,2521.64
1992M09,39.5,2.57,2.4403,1.077838718,1269.61,33.1,2414.06
1992M10,37.25,2.63,2.5003,1.05601298,1173.78,33.1,2249.15
1992M11,35.0,2.64,2.5406,1.086657198,1159.05,33.1,2158.32
1992M12,35.0,2.64,2.5417,1.08577535,1207.1,33.1,2206.82
1993M01,35.0,2.76,2.3545,1.112892176,1206.76,29.09,2256.85
1993M02,31.0,2.74,2.3876,1.12545851,1201.85,29.09,2212.6
1993M03,31.0,2.75,2.5263,1.150370716,1151.33,29.09,2152.59
1993M04,31.0,2.68,2.5922,1.179692162,1108.53,29.09,1949.88
1993M05,31.0,2.68,2.6762,1.241862446,1123.96,29.09,1794.5
1993M06,31.0,2.68,2.7425,1.233043966,1165.3,29.09,1853.42
1993M07,31.0,2.66,2.8197,1.25001954,1202.13,29.09,1927.16
1993M08,31.0,2.65,2.8043,1.277136366,1172.14,29.09,1947.45
1993M09,31.0,2.62,2.7337,1.269420196,1115.38,29.09,1861.86
1993M10,31.0,2.62,2.6698,1.227311954,1087.1,29.09,1646.4
1993M11,31.0,2.62,2.6411,1.214304696,1039.81,29.09,1630.02
1993M12,31.0,2.6,2.4626,1.183219554,1094.3,29.09,1724.19
1994M01,31.0,2.47,2.4216,1.16403936,1174.59,26.47,1805.35
1994M02,31.0,2.36,2.4936,1.182337706,1269.93,26.47,1866.4
1994M03,29.5,2.36,2.6903,1.22246179,1289.03,26.47,1914.87
1994M04,29.5,2.36,2.6277,1.2345872,1278.72,26.47,1881.82
1994M05,31.4,2.36,2.3907,1.299403028,1322.59,26.47,2150.6
1994M06,33.6,2.36,2.2324,1.30844197,1400.58,26.47,2364.2
1994M07,33.1,2.42,2.1912,1.278238676,1492.42,26.47,2458.19
1994M08,33.1,2.46,2.1995,1.232162118,1455.36,26.47,2406.23
1994M09,33.1,2.48,2.2081,1.237453206,1569.22,26.47,2505.93
1994M10,33.1,2.56,2.1248,1.197770046,1698.05,26.47,2547.67
1994M11,33.1,2.57,2.1887,1.139127154,1892.59,26.47,2802.45
1994M12,36.1,2.56,2.2256,1.12986775,1878.31,26.47,2985.3
1995M01,37.1,2.66,2.127899224,1.12986775,2060.55,28.38,3008.93
1995M02,37.6,2.66,2.16162991,1.134056528,1916.15,28.38,2877.65
1995M03,38.35,2.65,2.044123664,1.14309547,1805.07,28.38,2924.04
1995M04,37.1,2.71,1.923310488,1.132733756,1849.0,28.38,2903.5
1995M05,38.77,2.71,1.752011514,1.153677646,1762.69,28.38,2773.31
1995M06,40.77,2.73,1.660519784,1.192919882,1780.05,28.38,2994.64
1995M07,41.05,2.8,1.633182496,1.24340568,1860.1,28.38,3075.67
1995M08,40.88,2.8,1.6865343,1.311087514,1888.32,28.38,3036.84
1995M09,40.93,2.78,1.76479831,1.336661106,1760.83,28.38,2915.52
1995M10,40.97,2.75,1.822338892,1.294552864,1674.32,28.38,2813.55
1995M11,39.59,2.75,1.937640518,1.31505583,1654.07,28.38,2977.36
1995M12,39.35,2.73,1.909862306,1.291245934,1656.74,28.38,2926.26
1996M01,39.37,2.75,1.8629039,1.28860039,1589.34,30.0,2616.41
1996M02,39.28,2.77,1.812418102,1.252885546,1591.55,30.0,2537.71
1996M03,39.01,2.67,1.720044524,1.215186544,1612.48,30.0,2561.02
1996M04,39.33,3.1,1.71519436,1.235028124,1587.23,30.0,2595.78
1996M05,38.2,2.81,1.701525716,1.329826784,1589.26,30.0,2658.26
1996M06,38.2,2.81,1.654126386,1.425066368,1482.48,30.0,2173.4
1996M07,38.4,2.78,1.684109218,1.460781212,1458.7,30.0,1985.57
1996M08,38.35,2.79,1.755318444,1.47048154,1463.36,30.0,2008.57
1996M09,38.1,2.79,1.745397654,1.47048154,1407.38,30.0,1941.45
1996M10,37.6,2.94,1.793899294,1.447994416,1336.34,30.0,1961.17
1996M11,35.7,2.96,1.767223392,1.451301346,1449.52,30.0,2230.86
1996M12,35.35,2.96,1.787285434,1.437191778,1500.29,30.0,2268.08
1997M01,35.23,2.89,1.765239234,1.41536604,1575.61,30.15,2434.93
1997M02,34.6,2.89,1.83865308,1.378769348,1580.01,30.15,2405.85
1997M03,34.5,2.83,2.04037581,1.362896084,1631.57,30.15,2421.29
1997M04,35.4,2.77,1.997606182,1.35143206,1561.44,30.15,2391.18
1997M05,35.73,2.74,1.897516434,1.342393118,1625.25,30.15,2514.33
1997M06,34.5,2.76,1.756420754,1.342393118,1567.55,30.15,2612.62
1997M07,35.0,2.67,1.80227685,1.35143206,1591.99,30.15,2450.46
1997M08,36.93,2.67,1.83865308,1.382517202,1710.58,30.15,2251.2
1997M09,37.15,2.7,1.788828668,1.39001291,1610.6,30.15,2107.3
1997M10,37.15,2.63,1.764577848,1.314614906,1607.86,30.15,2052.26
1997M11,33.6,2.66,1.834684764,1.268979272,1598.99,30.15,1917.45
1997M12,31.4,2.65,1.85298311,1.234146276,1530.51,30.15,1762.33
1998M01,31.4,2.65,1.815063646,1.2235641,1485.79,31.0,1688.45
1998M02,33.44,2.63,1.794119756,1.230398422,1465.56,31.0,1664.8
1998M03,31.88,2.61,1.791033288,1.254869704,1437.7,31.0,1747.98
1998M04,31.18,2.54,1.794119756,1.270302044,1418.16,31.0,1800.9
1998M05,30.28,2.51,1.778246492,1.302489496,1364.72,31.0,1732.53
1998M06,30.0,2.5,1.701305254,1.378769348,1307.24,31.0,1660.52
1998M07,30.0,2.4,1.671763346,1.484591108,1309.21,31.0,1651.04
1998M08,26.2,2.37,1.657212854,1.56197327,1310.9,31.0,1620.93
1998M09,27.09,2.33,1.636489426,1.566602972,1342.27,31.0,1647.64
1998M10,27.1,2.17,1.637150812,1.52449473,1304.06,31.0,1586.39
1998M11,26.1,2.15,1.659858398,1.47930002,1294.96,31.0,1573.95
1998M12,26.1,2.13,1.656992392,1.43079838,1249.06,31.0,1473.57
1999M01,26.1,2.02,1.706155418,1.387367366,1218.46,27.59,1431.18
1999M02,26.1,2.01,1.792576522,1.35032975,1186.85,27.59,1410.78
1999M03,26.1,1.95,1.757523064,1.3007258,1181.59,27.59,1378.35
1999M04,26.1,1.87,1.723571916,1.272286202,1278.2,27.59,1466.0
1999M05,26.1,1.89,1.727981156,1.31395352,1323.46,27.59,1511.16
1999M06,26.1,1.91,1.721146834,1.343936352,1315.31,27.59,1422.48
1999M07,26.1,2.0,1.780010188,1.347684206,1403.76,27.59,1640.0
1999M08,26.1,2.08,1.924853722,1.331810942,1431.32,27.59,1647.62
1999M09,26.1,2.2,1.870179146,1.343054504,1492.48,27.59,1750.34
1999M10,25.6,2.47,1.852762648,1.293450554,1474.41,27.59,1724.12
1999M11,25.1,2.51,1.927058342,1.2897027,1472.76,27.59,1727.55
1999M12,25.1,2.66,1.939183752,1.2897027,1554.48,27.59,1764.75
2000M01,25.1,3.36,1.949325004,1.283750226,1680.28,28.79,1843.98
2000M02,25.1,3.46,1.961670876,1.270522506,1670.27,28.79,1800.83
2000M03,25.1,3.51,1.983717076,1.26214495,1577.05,28.79,1739.39
2000M04,25.1,3.68,1.977103216,1.26214495,1457.14,28.79,1678.75
2000M05,25.6,3.55,1.986142158,1.273388512,1466.79,28.79,1785.62
2000M06,25.6,3.6,1.932569892,1.303371344,1506.31,28.79,1753.18
2000M07,25.6,3.96,1.899941516,1.317480912,1563.5,28.79,1799.36
2000M08,25.6,4.01,1.885831948,1.326519854,1527.63,28.79,1855.86
2000M09,27.15,4.03,1.811756716,1.36025054,1601.21,28.79,1960.41
2000M10,27.15,4.31,1.81991381,1.356502686,1500.24,28.79,1898.59
2000M11,27.15,4.39,1.96762335,1.3558413,1473.86,28.79,1795.11
2000M12,30.75,4.44,1.93014481,1.3558413,1565.41,28.79,1850.55
2001M01,32.1,4.65,1.925515108,1.356723148,1615.65,30.03,1787.5
2001M02,32.1,4.59,1.921987716,1.361793774,1604.36,30.03,1765.65
2001M03,32.6,4.57,1.981732918,1.3668644,1509.17,30.03,1738.77
2001M04,33.5,4.48,1.977103216,1.368187172,1496.91,30.03,1664.16
2001M05,33.8,4.36,2.007747434,1.389792448,1538.77,30.03,1682.21
2001M06,33.9,4.33,2.052942144,1.400815548,1466.13,30.03,1608.45
2001M07,34.0,3.75,2.122828598,1.416909274,1416.39,30.03,1525.21
2001M08,33.8,3.79,2.209690626,1.445789796,1377.08,30.03,1464.43
2001M09,32.8,3.79,2.359163862,1.465631376,1344.56,30.03,1426.33
2001M10,32.4,3.52,2.271419986,1.44843534,1282.5,30.03,1377.28
2001M11,29.4,3.46,2.283104472,1.418232046,1327.46,30.03,1427.73
2001M12,27.35,3.4,2.163393606,1.393981226,1344.63,30.03,1471.74
2002M01,27.35,3.06,2.207706468,1.387587828,1368.59,29.31,1503.96
2002M02,28.1,3.03,2.232839136,1.387146904,1369.34,29.31,1561.9
2002M03,27.8,2.97,2.348140762,1.382958126,1405.0,29.31,1604.88
2002M04,27.0875,2.81,2.253783026,1.3778875,1369.99,29.31,1590.33
2002M05,26.875,2.83,2.1164352,1.39662677,1343.3,29.31,1595.68
2002M06,24.9,2.9,2.05691046,1.40654756,1353.97,29.31,1647.53
2002M07,23.15,2.95,2.126796914,1.415586502,1338.09,29.31,1589.46
2002M08,22.25,3.01,2.09549131,1.413381882,1291.6,29.31,1479.55
2002M09,22.7,3.08,2.037289342,1.411838648,1301.25,29.31,1478.71
2002M10,24.5,3.28,1.90479168,1.3889106,1310.58,29.31,1483.76
2002M11,24.5,3.34,1.912728312,1.36465978,1372.2,29.31,1582.29
2002M12,24.5,3.36,2.010172516,1.355620838,1375.07,29.31,1595.68
2003M01,24.9,3.61,2.039493962,1.372816874,1378.284,31.95,1647.66
2003M02,25.15,3.67,1.992315094,1.391776606,1422.16,31.95,1683.8
2003M03,24.4,3.74,2.01502268,1.407870332,1389.274,31.95,1658.976
2003M04,23.45,4.03,1.969166584,1.400595086,1332.013,31.95,1587.475
2003M05,23.3,4.04,1.87613162,1.42418452,1398.488,31.95,1648.275
2003M06,24.1,4.05,1.872383766,1.454828738,1409.845,31.95,1686.5
2003M07,24.35,4.04,1.91030323,1.4881185,1436.087,31.95,1710.0
2003M08,25.325,3.98,2.10982134,1.5101647,1456.313,31.95,1760.275
2003M09,26.7,3.97,2.268113056,1.52669935,1415.568,31.95,1789.523
2003M10,27.5,3.88,2.328740106,1.51228452692,1474.25,31.95,1920.543
2003M11,29.9125,3.9,2.590648962,1.50694962917,1508.338,31.95,2055.425
2003M12,34.0,3.97,2.547879334,1.52076383462,1554.905,31.95,2201.286
2004M01,37.75,3.87,2.540604088,1.5322109,1606.488,37.9,2423.571
2004M02,41.75,3.89,2.392674086,1.5783075,1685.625,37.9,2759.525
2004M03,48.9375,3.86,2.338440434,1.6093726,1655.989,37.9,3008.717
2004M04,53.25,3.92,2.429050316,1.64716608571,1729.738,37.9,2948.725
2004M05,56.4375,3.95,2.675085908,1.6885385,1623.224,37.9,2733.5
2004M06,59.55,4.01,2.762829784,1.755428675,1677.716,37.9,2686.705
2004M07,61.375,4.28,2.813536044,1.7843643125,1709.273,37.9,2808.432
2004M08,59.25,4.34,2.919798728,1.76599247917,1692.19,37.9,2846.095
2004M09,55.375,4.41,2.93324691,1.72311095,1723.602,37.9,2894.864
2004M10,56.625,4.83,2.79325354,1.6755112,1819.57,37.9,3012.238
2004M11,52.825,4.96,2.765475328,1.64703485833,1813.898,37.9,3122.795
2004M12,52.25,5.01,2.713005372,1.623151475,1849.179,37.9,3145.452
2005M01,53.045,5.46,2.692502406,1.6183915,1834.425,65.0,3170.0
2005M02,49.8975,5.49,2.699116266,1.62590725,1882.85,65.0,3253.7
2005M03,50.925,5.52,2.748720216,1.628663025,1979.85,65.0,3379.49
2005M04,51.25,5.86,2.742988204,1.6314188,1894.286,65.0,3394.476
2005M05,51.3125,5.89,2.77341196,1.63777828077,1743.7,65.0,3249.1
2005M06,51.0,5.91,2.782671364,1.64201793462,1731.295,65.0,3524.068
2005M07,50.9,6.42,2.809347266,1.64795345,1778.786,65.0,3614.214
2005M08,49.125,6.56,2.757318234,1.64795345,1867.841,65.0,3797.75
2005M09,45.25,6.58,2.75246807,1.6575986625,1839.909,65.0,3857.841
2005M10,42.45833333333,7.28,2.699336728,1.6410640125,1928.714,65.0,4059.762
2005M11,38.0625,7.46,2.704627816,1.60386105,2050.591,65.0,4269.341
2005M12,38.225,7.49,2.652819246,1.56987315833,2247.45,65.0,4576.775
2006M01,43.1875,7.96,2.621954566,1.5402277,2377.857,67.2,4734.333
2006M02,47.7,7.95,2.645544,1.5251962,2455.325,65.2,4982.4
2006M03,49.75,7.99,2.618647636,1.50634901154,2429.13,66.7,5102.848
2006M04,52.875,8.24,2.600790214,1.4894963875,2621.111,67.3,6387.778
2006M05,52.6,8.28,2.615120244,1.4950079375,2861.476,67.3,8045.857
2006M06,52.375,8.29,2.57499616,1.52076383462,2477.341,69.3,7197.614
2006M07,52.75,8.58,2.620852256,1.53955963333,2512.714,70.5,7712.095
2006M08,50.9375,8.71,2.663842346,1.55256123846,2459.932,69.8,7695.659
2006M09,47.1,8.77,2.675967756,1.55892071923,2472.881,70.0,7602.357
2006M10,44.05,8.97,2.690077324,1.53542597083,2654.591,71.7,7500.386
2006M11,46.0,8.99,2.77230965,1.5211878,2702.795,73.5,7029.182
2006M12,49.75,8.92,2.698013956,1.52899582917,2813.632,73.5,6675.105
2007M01,51.2875,8.59,2.686990856,1.5702907,2809.341,78.2,5669.659
2007M02,52.9,8.56,2.711462138,1.6264083,2832.2,82.66,5676.45
2007M03,55.38,8.37,2.689195476,1.68356654231,2761.727,88.55,6452.477
2007M04,56.12,8.0,2.694266102,1.72172342692,2814.789,91.26,7766.474
2007M05,56.0,7.98,2.699336728,1.7530587085,2792.75,102.02,7681.42
2007M06,61.6,8.03,2.679054224,1.78023065,2676.93,103.21,7474.38
2007M07,67.31,8.13,2.673322212,1.78941656667,2732.44,106.09,7972.57
2007M08,69.35,8.34,2.692502406,1.79082978462,2515.773,121.89,7513.5
2007M09,68.44,8.54,2.692061482,1.7981431875,2391.25,148.65,7648.975
2007M10,74.81,9.16,2.670235744,1.76030427692,2442.37,168.11,8008.435
2007M11,84.6,9.47,2.721382928,1.71455134583,2506.886,195.09,6966.705
2007M12,91.0,9.49,2.734610648,1.6945511,2381.694,190.12,6587.667
2008M01,91.75,10.7,2.765254866,1.70306895,2445.523,193.37,7061.023
2008M02,132.0,10.84,2.893122826,1.74486487083,2776.929,186.12,7887.69
2008M03,118.25,11.04,3.010629072,1.79082978462,3005.289,197.12,8439.289
2008M04,123.0,12.19,3.164952472,1.80863633077,2959.273,195.95,8684.932
2008M05,133.2,12.38,3.512621046,1.83993910833,2902.9,192.95,8382.75
2008M06,159.75,12.63,3.657023656,1.88961371923,2957.857,183.93,8260.595
2008M07,180.0,14.37,3.92642822,1.94557715,3071.239,180.5,8414.043
2008M08,158.4,14.64,3.83824342,1.94924021092,2764.375,178.74,7634.7
2008M09,150.0,14.85,3.557815756,1.94896887308,2525.818,139.64,6990.864
2008M10,108.0,15.93,3.11402575,1.92982986429,2121.413,88.67,4925.696
2008M11,92.25,15.81,2.72821725,1.916365935,1852.425,64.95,3717.0
2008M12,78.65,15.5,2.6565671,1.91847869583,1490.429,69.98,3071.976
2009M01,79.4,13.89,2.636064134,1.92353095,1413.119,72.51,3220.69
2009M02,75.38,11.04,2.535974386,1.91140554,1330.2,75.59,3314.725
2009M03,61.0,10.9,2.612915624,1.89003768462,1335.841,64.07,3749.75
2009M04,63.56,8.51,2.637386906,1.88240630769,1420.85,59.78,4406.55
2009M05,64.5,8.09,2.724469396,1.91717146923,1460.447,62.69,4568.632
2009M06,71.38,7.95,2.7447519,1.94388128846,1573.727,71.66,5013.955
2009M07,73.8,6.67,2.792371692,1.9524665875,1667.957,83.95,5215.543
2009M08,72.5,6.92,2.795678622,1.9130089,1933.75,97.67,6165.3
2009M09,67.64,7.13,2.813756506,1.871171225,1834.114,80.71,6196.432
2009M10,71.07,7.6,2.746515596,1.82661952917,1878.568,86.79,6287.977
2009M11,78.8,7.81,2.833157162,1.81075615769,1949.286,99.26,6675.595
2009M12,83.1,8.01,2.88364296,1.81100347083,2180.095,105.07,6981.714
2010M01,97.0,8.8,3.02253402,1.8298346,2235.15,125.72,7386.25
2010M02,94.19,8.8,3.211690416,1.83534615,2048.925,127.49,6848.175
2010M03,94.375,8.93,3.39952404,1.85109343571,2205.63,139.69,7462.826
2010M04,100.15,7.52,3.657244118,1.87943855,2316.725,172.47,7745.075
2010M05,100.13,7.27,3.58360981,1.9056184125,2040.526,161.35,6837.684
2010M06,98.1875,7.74,3.325007884,1.92183508846,1931.386,143.63,6499.295
2010M07,95.98,8.04,3.26945146,1.93655825,1988.273,126.36,6735.25
2010M08,89.78,8.45,3.410106216,1.93540198077,2118.143,145.34,7283.952
2010M09,94.9,8.28,3.390926022,1.93455405,2162.341,140.62727272727,7709.295
2010M10,97.45,8.29,3.374391372,1.91204855417,2346.57,148.48095238095,8292.405
2010M11,107.16,8.59,3.501597946,1.88403150833,2333.068,156.1,8469.886
2010M12,118.29,8.74,3.880792586,1.88173502917,2350.667,163.1,9147.262
2011M01,132.48,9.61,4.19428955,1.873927,2439.525,179.18,9555.7
2011M02,128.36,9.36,4.076562842,1.87543015,2508.175,187.18,9867.6
2011M03,126.13,9.37,4.185030146,1.89766906154,2555.5,169.36,9503.36
2011M04,122.5,10.36,4.3320783,1.90487647308,2678.11,179.33,9492.79
2011M05,119.12,10.3,4.162102098,1.90791489167,2596.45,177.05,8959.9
2011M06,120.09,10.26,3.939435478,1.91674750385,2557.76,170.88,9066.85
2011M07,120.75,10.99,3.935908086,1.92553515,2525.43,172.98,9650.46
2011M08,120.13,10.81,3.929073764,1.942821375,2379.35,177.5,9000.76
2011M09,123.09,10.85,3.829204478,1.96165250417,2293.46,177.23,8300.14
2011M10,119.39,11.42,3.917830202,1.9621118,2180.65,150.43,7394.19
2011M11,113.78,11.32,4.204871726,1.9671223,2079.98,135.54,7581.02
2011M12,111.56,11.53,4.2218473,1.9801496,2022.25,136.39,7565.48
2012M01,116.46,11.45,4.25712122,1.99196602917,2144.2,140.26,8040.47
2012M02,117.02,11.12,4.309591176,2.00987856667,2207.92,140.4,8441.49
2012M03,107.46,11.97,4.347069716,2.04563298077,2184.16,144.66,8470.78
2012M04,103.59,11.42,4.28688359,2.05580815,2049.67,147.64,8289.48
2012M05,95.83,11.64,4.21743806,2.0737206875,2007.63095238095,136.61,7955.64285714286
2012M06,87.19,11.49,4.124182634,2.0833659,1890.17857142857,134.66,7423.02380952381
2012M07,88.24,11.13,4.031809056,2.08841815417,1876.25,127.94,7584.26136363636
2012M08,91.0,11.18,4.09508165,2.09478268214,1845.37608695652,107.5,7515.53260869565
2012M09,88.96,11.08,4.062232812,2.10862717083,2064.12,99.47,8087.74
2012M10,81.85,11.58,4.073696836,2.11289206071,1974.3,113.95,8062.03
2012M11,85.89,11.83,4.293056526,2.1304646,1948.82954545455,120.35,7711.22727272727
2012M12,92.88,11.79,4.374627466,2.15271957083,2086.76315789474,128.51111111111,7966.48684210526
2013M01,92.77,11.87,4.35963605,2.2166452,2037.75,150.49090909091,8047.36
2013M02,94.94,11.77,4.354785886,2.18918766,2053.595,154.63888888889,8060.925
2013M03,90.98,11.87,4.29239514,2.30933945,1909.56666666667,139.87,7645.58333333333
2013M04,87.76,12.88,4.269687554,2.2928048,1861.67045454545,137.39090909091,7234.27954545454
2013M05,87.71,12.29,4.103018282,2.3769812,1832.02173913043,124.00952380952,7249.41304347826
2013M06,82.75431946201,11.92,3.933923928,2.39862656,1814.5375,114.815,7000.2375
2013M07,77.25921082883,11.6,3.937671782,2.2156431,1769.60869565217,127.19130434783,6906.64130434783
2013M08,76.96,11.64,3.949135806,2.0412777,1817.61590909091,137.055,7192.92045454545
2013M09,77.6125,11.25,3.987275732,1.98195338,1761.30476190476,134.18571428571,7159.26904761905
2013M10,79.4125,11.37,4.039304764,1.95540208696,1814.58260869565,132.57272727273,7203.02173913043
2013M11,82.25,11.42,4.137410354,2.03405203158,1747.96428571429,136.32380952381,7070.65476190476
2013M12,84.3375,11.55,4.17555028,2.0723428,1739.81,135.79047619048,7214.9
2014M01,81.61,11.59,4.180841368,2.114431,1727.41,128.119,7291.47
2014M02,76.29,11.3,4.280931116,2.02384116,1695.17,121.37,7149.21
2014M03,73.34,10.88,4.471189822,2.25711095238,1705.37,111.833,6650.04
2014M04,72.82,10.73,4.351478956,2.37679032381,1810.67,114.581,6673.56
2014M05,73.69,10.2,4.382123174,2.56470793333,1751.05,100.56,6891.13
2014M06,71.48,9.77,4.543942282,2.55106028571,1838.95,92.743,6821.14
2014M07,68.75,9.27,5.170274824,2.4511366,1948.3,96.05,7113.38
2014M08,68.94,9.14,5.793300436,2.2707586,2030.49,92.614,7001.84
2014M09,65.94,9.24,6.174699696,2.35999321905,1990.43,82.37954545455,6872.22
2014M10,63.71,9.77,5.952914924,2.36086046087,1946.19,81.06,6737.48
2014M11,62.55,8.9,5.84003838,2.314851,2055.55,73.73,6712.85
2014M12,62.44,9.83,5.463709746,2.22351674286,1909.46,68.39,6446.45
2015M01,61.44,9.25,5.297922322,2.22246692381,1814.72,68.23,5830.54
2015M02,69.05,8.27,4.883453762,2.02935271,1817.82,62.75,5729.27
2015M03,64.76,8.27,4.715902642,2.1525108,1773.86,58.05,5939.67
2015M04,56.24,6.77444566675,4.81599239,2.30540262857,1819.19,52.28,6042.09
2015M05,61.19,6.68399731108,4.4974248,2.35343185,1804.04,60.3,6294.78
2015M06,58.96,6.66672592954,4.438781908,2.284788,1687.73,62.63,5833.01
2015M07,59.9,6.69403713465,4.64623665,2.0693365,1639.5,52.39,5456.75
2015M08,59.14,6.34573758328,4.766608902,1.81933640952,1548.13,56.19,5127.3
2015M09,57.65,6.27869866034,4.581861746,1.69230830476,1589.6,56.95,5217.25
2015M10,54.26,6.0269578206,4.235956868,1.6093726,1516.49,53.12,5216.09
2015M11,52.47,5.50083385123,4.029163512,1.61633455789,1467.89,46.86,4799.9
2015M12,52.21,5.09276298262,3.800544418,1.7366393,1497.2,40.5,4638.83
2016M01,49.02,4.39818627541,3.63321376,1.85077849,1481.1,41.88,4471.79
2016M02,50.27,3.96837858928,3.863155626,1.76684545714,1531.26,46.83,4598.62
2016M03,52.21,3.9101802431,4.03335229,1.8548871,1531.01,56.2,4953.8
2016M04,50.69,3.97007508979,3.963024912,1.93376668571,1571.23,60.92,4872.74
2016M05,51.31,4.32919186506,4.041729846,2.05554569524,1550.63,55.13,4694.54
2016M06,52.85,4.75572046689,4.10500244,2.154515,1593.51,51.98,4641.97
2016M07,61.24,4.67473769135,4.255577986,1.9621118,1629.05,57.26,4864.9
2016M08,67.39,4.0474899302,4.23948426,1.7416498,1639.28,60.89,4751.67
2016M09,72.72,4.25361416995,4.118009698,1.70490613333,1592.36,57.79,4722.2
2016M10,94.2,5.33681888345,4.03665922,1.5873264,1665.9,59.09,4731.26
2016M11,103.43,5.69317950115,4.298568076,1.75597983,1737.11,73.1,5450.93
2016M12,88.15,5.4235014224,4.143142366,1.86237899048,1727.74,80.02,5660.35
2017M01,83.73,6.1443492548,4.074799146,1.9400656,1791.24,80.41,5754.56
2017M02,79.98,6.0515836448,4.22625654,1.94116791,1860.75,89.44,5940.91
2017M03,80.9,5.00094507654,4.346187868,2.12602050435,1901.47,87.65,5824.63
2017M04,83.65,5.0109139183,4.41034231,2.1605276,1921.22,70.22,5683.9
2017M05,74.42,5.05843597847,4.604128408,2.334893,1913.02,62.43,5599.56
2017M06,81.09,4.88676678563,4.678424102,2.4341009,1885.29,57.48,5719.76
2017M07,87.49,5.00392083226,4.66607823,2.34571568,1902.96,67.74,5985.12
2017M08,98.58,5.47660118187,4.473835366,2.19215910435,2030.01,76.07,6485.63
2017M09,97.82,5.96114997199,4.30121362,2.11423058,2096.49,71.53,6577.17
2017M10,97.11,6.17632034854,4.250948284,1.9771433,2131.49,61.66,6807.6
2017M11,96.64,6.69459903982,4.331416914,1.9621118,2097.44,64.24,6826.55
2017M12,100.81,7.13893361413,4.283356198,1.96559277895,2080.47,72.25,6833.89
2018M01,106.45,6.66225501314,4.295922532,2.07013818,2209.73,76.34,7065.85
2018M02,105.95,6.7187497665,4.353683576,1.984158,2181.79,77.46,7006.52
2018M03,96.66,6.69738764036,4.439443294,2.2010374925,2069.24,70.35,6799.18
2018M04,93.69,6.92785820242,4.37837532,2.362470792,2254.69,65.75,6851.51
2018M05,105.29,7.48735405732,4.31995289,2.64995324,2299.67,66.1,6825.27
2018M06,114.33,7.44894284404,4.2438935,2.7227057,2237.62,65.04,6965.86
2018M07,119.57,7.59883923025,4.188337076,2.53200607,2082.24,64.56,6250.75
2018M08,117.34,8.08490993844,4.114482306,2.22115465,2051.51,67.15,6051.05
2018M09,114.16,9.52157703121,4.010424242,2.0282504,2026.46,68.44,6050.76
2018M10,108.73,8.79096072974,3.864257936,2.0282504,2029.86,73.41,6219.59
2018M11,100.73,8.26507901291,3.946490262,2.0282504,1938.51,73.26,6195.92
2018M12,101.37,7.97624238009,4.185250608,2.0879074172,1920.38,69.16,6075.32
2019M01,98.56,7.26234323345,4.241358187,2.1495045,1853.72,76.16,5939.1
2019M02,95.42,6.0057971222,4.27916742,2.08557052,1862.99,88.22,6300.49
2019M03,93.12,5.17873567413,4.47648091,2.06903587,1871.21,86.47,6439.46
2019M04,86.77,4.92218081968,4.698927068,2.094389,1845.42,93.7,6438.36
2019M05,82.32,4.34105529405,4.600601016,2.08667283,1781.26,100.15,6017.9
2019M06,72.49,3.58800651227,4.629150845,2.0723428,1755.95,108.94,5882.23
2019M07,72.08,3.62037140561,4.629702,1.98856724,1796.99,120.24,5941.2
2019M08,65.55,3.67677516041,4.595861083,1.90038244,1740.68,93.07,5709.44
2019M09,65.95,4.20525568494,4.654503975,1.85298311,1753.51,93.08,5759.25
2019M10,69.2,5.05721785787,4.858321094,1.8518808,1725.96,88.53,5757.3
2019M11,66.99,5.15000421731,5.936270043,1.8518808,1774.79,84.98,5859.95
2019M12,66.18,4.62047221239,5.563579032,1.97754414,1771.38,92.65,6077.06
2020M01,69.66,3.63338434727,5.039099934,2.07124049,1773.09,95.76,6031.21
2020M02,67.64,2.90777364106,4.717335645,1.87613162,1688.1,87.68,5687.75
2020M03,66.74,2.71886838175,4.473614904,1.77692372,1610.89,88.99,5182.63
2020M04,58.55,2.12031866732,4.445285537,1.2676565,1459.93,84.73,5057.97
2020M05,52.49,1.57516497792,5.081097945,1.51788087,1466.37,93.65,5239.83
2020M06,52.21,1.75217111218,5.09818375,1.5652802,1568.57,103.3,5754.6
2020M07,51.56,1.80103549647,4.698816837,1.52339242,1643.81,108.52,6372.46
2020M08,50.14,2.86189667673,4.632347544,1.496496056,1737.26,121.07,6498.94
2020M09,54.6,3.95213946267,4.599057782,1.47158385,1743.77,123.75,6704.9
2020M10,58.4,4.88959040816,4.424782571,1.50134622,1806.1,119.78,6713.81
2020M11,64.4,4.83583900516,4.395902049,1.704612184,1935.28,124.36,7068.91
2020M12,83.03,5.85610629604,4.402185216,1.8077884,2014.67,155.43,7772.24
2021M01,86.83,7.2683017493,4.45663933,1.8077884,2003.98,169.63,7972.15
2021M02,86.74,6.15850716652,4.66166899,1.8077884,2078.59,163.8,8470.94
2021M03,94.92,6.12706957935,4.719099341,1.886272872,2190.48,168.18,8988.25
2021M04,92.22,7.14681628809,5.172479444,2.26414474,2319.39,179.83,9324.82
2021M05,107.04,8.90875692439,5.48399225,2.374816664,2433.53,207.72,10161.97
2021M06,129.97,10.30105100564,5.677447655,2.3809896,2446.65,214.43,9631.5
2021M07,151.97,12.50994243239,5.585625232,2.3809896,2497.64,214.14,9450.82
2021M08,169.58,15.42647593843,5.60965559,2.3809896,2602.99,162.16,9370.14
2021M09,185.69,22.84059607792,5.767837075,1.832465,2834.56,124.52,9324.71
2021M10,224.51,31.05246636754,5.5335962,1.75807,2934.39,122.91,9829.22
2021M11,157.48,27.62343200775,5.69343115,1.551674,2636.45,96.24,9728.9
2021M12,169.65,38.02711984318,5.74744434,1.471808,2695.53,116.96,9551.18
2022M01,196.95,28.26067331655,5.806417925,1.3575,3005.98,132.53,9782.34
2022M02,219.78,27.2297159067,5.993810625,1.448352,3245.79,142.84,9943.17
2022M03,314.04,42.39297079612,6.06821655,1.756807,3498.37,152.07,10230.89
2022M04,310.85,32.20418722871,5.9745202,1.868574,3244.41,151.25,10161.38
2022M05,371.86,29.17072267381,5.9414509,1.895698,2830.32,131.21,9377.15
2022M06,374.08,33.55773104275,5.811929475,1.848386,2563.44,130.74,9024.46
2022M07,402.2,51.33003047298,5.73421662,1.723275,2408.42,108.57,7544.81
2022M08,406.97,70.04363980339,5.5666655,1.835136,2430.79,108.85,7981.84
2022M09,430.81,59.10262225038,5.44320678,1.74956,2224.76,99.81,7746.01
2022M10,389.79,39.02204993845,5.332424625,1.62792,2255.54,92.56,7651.08
2022M11,342.16,35.72328224044,5.073381775,1.539822,2350.72,93.34,8049.86
2022M12,379.23,36.04426003614,4.71347756,1.54686,2401.69,111.84,8375.4
2023M01,317.99,20.18397092135,4.6517482,1.544652,2501.82,122.23,9037.95
2023M02,207.48,16.53713727891,4.6517482,1.532076,2416.18,127.6,8936.59
2023M03,187.23,13.81207686229,4.836385125,1.522224,2296.42,128.37,8856.31
2023M04,194.28,13.52052961513,5.30431572,1.570852,2343.23,117.39,8809.42
2023M05,160.48,10.10875599841,5.310378425,1.542912,2268.6,105.15,8217.47
2023M06,139.42,10.35062473915,5.01330588,1.467504,2184.75,113.45,8396.52
2023M07,140.63,9.54528398968,4.7840254,1.372038,2159.73,114.43,8476.68
2023M08,152.61,11.19194456369,4.726154125,1.424562,2136.57,110.2,8349.13
2023M09,162.47,11.54929514615,4.90307488,1.53748,2184.67,120.98,8276.71
2023M10,142.12,14.56950705657,4.979685425,1.58395,2192.21,118.97,7937.18
2023M11,126.82,14.48505487638,4.8832333,1.667497,2202.26,131.07,8189.59
2023M12,141.82,11.50665790666,4.79137413333,1.6336,2182.43,137.05,8399.94
2024M01,124.9,9.55961355312,4.996384,1.56618,2192.82,135.82,8338.88
2024M02,124.22,8.14838086764,5.375565,1.51528,2179.46,124.39,8304.95
2024M03,131.49,8.55372632183,5.729792,1.528088,2226.16,109.79,8689.13
2024M04,134.97,9.08511900567,6.05028,1.439838,2506.1,112.75,9464.43
2024M05,142.01,10.12306554509,5.87630925,1.514766,2564.54,118.88,10139.33
2024M06,135.1,10.86897789978,5.8516948,1.400868,2497.61,107.45,9648.17
2024M07,137.55,10.34681932853,6.1882875,1.33496,2349.13,106.85,9385.31
2024M08,145.76,12.37459819711,6.3351728,1.383168,2343.67,99.91,8971.96
2024M09,139.2,11.7842591911,6.2960425,1.453025,2449.92,92.83,9237.48
2024M10,146.63,12.92013302544,6.059766,1.480128,2595.58,101.39,9533.99
2024M11,142.12,13.92640045783,6.183042,1.519686,2582.19,100.5,9075.73
2024M12,129.81,13.85662099801,6.2332505,1.417642,2541.02,102.21,8916.32
